id,author,content,timestamp,attachments
1241852590023770213,gustavoporcel.,,2024-05-19T20:38:49.967Z,['images/1241852590023770213_image.png']
1259878205037477950,aylenmsandoval,,2024-07-08T14:26:11.486Z,[]
1260702787554250893,aylenmsandoval,,2024-07-10T21:02:47.278Z,[]
1266118689271578781,gustavoporcel.,,2024-07-25T19:43:38.870Z,['images/1266118689271578781_ddcc.rar']
1304252619233038417,nacho_borda,,2024-11-08T01:14:16.267Z,['images/1304252619233038417_image.png']
1308107971242229761,gustavoporcel.,,2024-11-18T16:34:03.815Z,['images/1308107971242229761_image.png']
1309966039403987116,ryan129623,,2024-11-23T19:37:21.786Z,['images/1309966039403987116_voice-message.ogg']
1309966521409212456,ryan129623,,2024-11-23T19:39:16.705Z,['images/1309966521409212456_voice-message.ogg']
1314982307840397354,nachoperodecelu,,2024-12-07T15:50:13.379Z,['images/1314982307840397354_IMG_8586.jpg']
1315003798929805372,nachoperodecelu,,2024-12-07T17:15:37.254Z,['images/1315003798929805372_IMG_8588.jpg']
1317151108644208690,aylenmsandoval,,2024-12-13T15:28:15.785Z,[]
1320046798341144660,aylenmsandoval,,2024-12-21T15:14:42.008Z,['images/1320046798341144660_20241221_121428.jpg']
1336435702203809933,fedegallardo,,2025-02-04T20:38:21.180Z,['images/1336435702203809933_Database_ER_diagram_crows_foot.png']
1339603887178518643,fedegallardo,,2025-02-13T14:27:35.340Z,['images/1339603887178518643_Blank_diagram.png']
1343939914257006664,mimarchese,,2025-02-25T13:37:24.755Z,['images/1343939914257006664_final21.pdf']
